{"centro":{"x":10.0,"y":32.0,"distanciaAlOrigen":33.52610922848042,"cuadrante":"Primero"},"radio":7.0,"area":153.93804002589985}